title,channelname,docurl,imgurl,source,tlink
女子要跳楼嫌雨太大 向警察要雨衣披上后又坐回屋檐边,yaowen,https://www.163.com/v/video/VK7QLEQOT.html,http://cms-bucket.ws.126.net/2023/0703/3ada3212p00rx7zea001xc000s600e3c.png,小易热线,https://www.163.com/v/video/VK7QLEQOT.html
女租客养五只猫房间堆满垃圾 床单乌黑厕所门口有粪便,yaowen,https://www.163.com/v/video/VK7QJCU9J.html,http://cms-bucket.ws.126.net/2023/0703/9cdd1745p00rx7xve0025c000s600e3c.png,饭点资讯,https://www.163.com/v/video/VK7QJCU9J.html
蔡正元:中国对美重返教科文组织投反对票是给美颜色看,yaowen,https://www.163.com/v/video/VB7QEN1OB.html,http://cms-bucket.ws.126.net/2023/0703/cf33a457p00rx7w7r0005c000s600e3c.png,海峡新干线,https://www.163.com/v/video/VB7QEN1OB.html
美军将领称＂解放军计划2027年前统一台湾＂ 外交部回应,yaowen,https://www.163.com/news/article/I8OC156G00019K82.html,http://cms-bucket.ws.126.net/2023/0703/056a4adcp00rx7wrq000wc0009c0070c.png,中华人民共和国外交部,https://www.163.com/news/article/I8OC156G00019K82.html
女子在超市扒开榴莲偷吃 店家：扒了四个 损失近千元,yaowen,https://www.163.com/v/video/VK7QIBPI4.html,http://cms-bucket.ws.126.net/2023/0703/9b951d12j00rx7wx4002ic000s600e3c.jpg,小易热线,https://www.163.com/v/video/VK7QIBPI4.html
李春生、张福生等四＂虎＂同时被点名 透露反腐新信号,yaowen,https://www.163.com/dy/article/I8OARK8K051482MP.html,http://bjnewsrec-cv.ws.126.net/little7954e560cc9j00rx7vts001bd200go00b4g00g200ap.jpg,政知新媒体,https://www.163.com/dy/article/I8OARK8K051482MP.html
俄乌冲突关键时刻拜登将赴欧洲 还将会见查尔斯三世,yaowen,https://www.163.com/dy/article/I8O9IVAE055040N3.html,http://dingyue.ws.126.net/2023/0703/e2cf772bj00rx7uoj000tc000j600aug.jpg,上观新闻,https://www.163.com/dy/article/I8O9IVAE055040N3.html
男子和女友去吃火锅 前女友走来将滚烫的汤底泼向他,yaowen,https://www.163.com/v/video/VK7QHQN99.html,http://cms-bucket.ws.126.net/2023/0703/ec452d2cj00rx7wff000mc000s600e3c.jpg,小易热线,https://www.163.com/v/video/VK7QHQN99.html
西藏自治区歌咏比赛歌者秀口技 完美模拟出大自然声响,yaowen,https://www.163.com/v/video/VK7QHDP7S.html,http://cms-bucket.ws.126.net/2023/0703/f6ac6788p00rx7w6m001oc000s600e3c.png,小易热线,https://www.163.com/v/video/VK7QHDP7S.html
18岁男青年被控猥亵5岁女童获刑5年半 家属：证据不足,yaowen,https://www.163.com/news/article/I8OAENUV00019K82.html,http://cms-bucket.ws.126.net/2023/0703/2d71ba11p00rx7vjz008ac0009c0070c.png,红星新闻,https://www.163.com/news/article/I8OAENUV00019K82.html
台军向海上固定靶位发射导弹 先后射过去4发全部脱靶,yaowen,https://www.163.com/v/video/VK7QGC84P.html,http://cms-bucket.ws.126.net/2023/0703/e6da7fe1p00rx7wki0010c000s600e3c.png,军情透视,https://www.163.com/v/video/VK7QGC84P.html
马克龙因骚乱召开主要内阁成员会议 还没讲话先叹口气,yaowen,https://www.163.com/v/video/VX7QBFMAH.html,http://cms-bucket.ws.126.net/2023/0703/29f6b4b7j00rx7une0008c000s600e3c.jpg,征垣之路,https://www.163.com/v/video/VX7QBFMAH.html
乌军把战线前推1.8公里 3辆布拉德利被炸翻成铁疙瘩,yaowen,https://www.163.com/v/video/VS7QBR32D.html,http://cms-bucket.ws.126.net/2023/0703/63284b10j00rx7tvc002rc000s600e3c.jpg,门卫秦大爷看世界,https://www.163.com/v/video/VS7QBR32D.html
王毅：头发染的再黄鼻子修的再尖 也变不成欧美人,yaowen,https://www.163.com/v/video/VK7QEL0NM.html,http://cms-bucket.ws.126.net/2023/0703/6d05e582p00rx7ui10024c000s600e3c.png,时刻资讯,https://www.163.com/v/video/VK7QEL0NM.html
湖南发生重大刑事案件 警方在重要路口布控上山搜捕,yaowen,https://www.163.com/v/video/VK7QE9G1I.html,http://cms-bucket.ws.126.net/2023/0703/0db605f1p00rx7tlh002bc000s600e3c.png,小易热线,https://www.163.com/v/video/VK7QE9G1I.html
男子在银行取2.5万遭拒 生气放话：那我每次来取1块钱,yaowen,https://www.163.com/v/video/VK7QDSDE8.html,http://cms-bucket.ws.126.net/2023/0703/18ce06a2p00rx7t9x001dc000s600e3c.png,小易热线,https://www.163.com/v/video/VK7QDSDE8.html
爷爷小心翼翼打开孙女录取通知书 读完开心得像个孩子,yaowen,https://www.163.com/v/video/VZ7PUR16Q.html,http://cms-bucket.ws.126.net/2023/0703/f5cfa977j00rx7sc00012c000s600e3c.jpg,星辰视频,https://www.163.com/v/video/VZ7PUR16Q.html
人大毕业生泄露学生信息被刑拘 曾有机会用高权限账号,yaowen,https://www.163.com/dy/article/I8O61J970514BE2Q.html,http://cms-bucket.ws.126.net/2023/0703/ce357ee1p00rx7snk009fc0009c0070c.png,中国新闻周刊,https://www.163.com/dy/article/I8O61J970514BE2Q.html
女子河边洗衣遇暴雨被困桥下 靠着桥柱一动不动等救援,yaowen,https://www.163.com/v/video/VK7QD5EES.html,http://cms-bucket.ws.126.net/2023/0703/94aeb72fp00rx7sns001kc000s600e3c.png,小易热线,https://www.163.com/v/video/VK7QD5EES.html
男孩被锁车内昏迷父母拒敲窗 路人大哥怒砸车窗：我赔,yaowen,https://www.163.com/v/video/VK7QCL2NN.html,http://cms-bucket.ws.126.net/2023/0703/62cc62b7j00rx7sl8000lc000s600e3c.jpg,时刻资讯,https://www.163.com/v/video/VK7QCL2NN.html
下半年“首虎” 西藏自治区政协副主席姜杰被查,yaowen,https://www.163.com/news/article/I8O67J2C000189PS.html,http://cms-bucket.ws.126.net/2023/0703/b78850c1p00rx7t3k0016c0009c0070c.png,澎湃新闻,https://www.163.com/news/article/I8O67J2C000189PS.html
老人摆摊被同行驱赶 女城管霸气撑腰：我安排你在这,yaowen,https://www.163.com/v/video/VK7QCHQN2.html,http://cms-bucket.ws.126.net/2023/0703/73015f7dp00rx7shw002gc000s600e3c.png,小易热线,https://www.163.com/v/video/VK7QCHQN2.html
美财长耶伦和总统气候问题特使克里本周访华 中方回应,yaowen,https://www.163.com/news/article/I8NV3EB80001899O.html,http://cms-bucket.ws.126.net/2023/0703/32bed5b0p00rx7rfo000zc0009c0070c.png,财联社,https://www.163.com/news/article/I8NV3EB80001899O.html
乌老兵从前线赶回参加女儿毕业典礼 女儿流着泪奔向他,yaowen,https://www.163.com/v/video/VK7QA0IES.html,http://cms-bucket.ws.126.net/2023/0703/429bacf9p00rx7q2u000rc000s600e3c.png,全球速览,https://www.163.com/v/video/VK7QA0IES.html
山东一女交警当街发飙 脚踹市民电动车大喊＂弄死你＂,yaowen,https://www.163.com/v/video/VK7Q9M15H.html,http://cms-bucket.ws.126.net/2023/0703/dd71510cp00rx7pyv001oc000s600e3c.png,小易热线,https://www.163.com/v/video/VK7Q9M15H.html
两位＂70后＂女官员履新引关注 一位系孔繁森的女儿,yaowen,https://www.163.com/dy/article/I8NV8CC60550A0OW.html,http://cms-bucket.ws.126.net/2023/0703/9d9f2434p00rx7qgk001ec0009c0070c.png,新民周刊,https://www.163.com/dy/article/I8NV8CC60550A0OW.html
俄高官：瓦格纳人员多同意＂转正＂ 普京权力空前稳固,yaowen,https://www.163.com/dy/article/I8NUGR6G0514R9P4.html,http://cms-bucket.ws.126.net/2023/0703/449adccep00rx7okh002gc0009c0070c.png,澎湃新闻,https://www.163.com/dy/article/I8NUGR6G0514R9P4.html
已婚男子包养人妻每周约2次 结果发现她还被别人包着,yaowen,https://www.163.com/dy/article/I8KIUBII0523WUD9.html,http://cms-bucket.ws.126.net/2023/0703/b02e4c00p00rx7ng1004xc0009c0070c.png,汉史趣闻,https://www.163.com/dy/article/I8KIUBII0523WUD9.html
江西一学生跳楼身亡 家长瘫坐在地上被两女子扶着后背,yaowen,https://www.163.com/v/video/VK7Q6HJ4G.html,http://cms-bucket.ws.126.net/2023/0703/f7c0f78dp00rx7naj001mc000s600e3c.png,小易热线,https://www.163.com/v/video/VK7Q6HJ4G.html
中共中央批准：施小琳任中共四川省委副书记,yaowen,https://www.163.com/news/article/I8NUU6GH0001899O.html,http://cms-bucket.ws.126.net/2023/0703/c09182eep00rx7mcx0016c0009c0070c.png,四川观察,https://www.163.com/news/article/I8NUU6GH0001899O.html
崔天凯＂隔空回呛＂布林肯:中国从没想过做事要让美喜欢,yaowen,https://www.163.com/news/article/I8NTJL3600018AOR.html,http://cms-bucket.ws.126.net/2023/0703/b1cdf350p00rx7na4001wc0009c0070c.png,环球网,https://www.163.com/news/article/I8NTJL3600018AOR.html
陕西一官员被前妻举报学历年龄造假 6处房产来源不明,yaowen,https://www.163.com/news/article/I8NTJ07U0001899O.html,http://cms-bucket.ws.126.net/2023/0703/818bbfc5p00rx7o4b003jc0009c0070c.png,河北新闻网,https://www.163.com/news/article/I8NTJ07U0001899O.html
女子急寻人：和去世丈夫攒下百万 想给40年没见的女儿,yaowen,https://www.163.com/news/article/I8LSKTL800019K82.html,http://cms-bucket.ws.126.net/2023/0703/43b8f262p00rx7k3z003yc0009c0070c.png,杭州网,https://www.163.com/news/article/I8LSKTL800019K82.html
俄军用柳叶刀攻击乌军雷达 乌军竖起防护网仍被命中,yaowen,https://www.163.com/v/video/VK7Q2BQ71.html,http://cms-bucket.ws.126.net/2023/0703/91a791a1j00rx7jw9002pc000s600e3c.jpg,军情透视,https://www.163.com/v/video/VK7Q2BQ71.html
福建一越野车失控冲进店里 两人被撞不幸身亡,yaowen,https://www.163.com/v/video/VM7PVHFQS.html,http://cms-bucket.ws.126.net/2023/0703/fd48d54bj00rx7hyo000nc000s600e3c.jpg,星尘视频,https://www.163.com/v/video/VM7PVHFQS.html
三门峡雨后泥石流倾盆而来 村民拍下村庄受灾画面,yaowen,https://www.163.com/v/video/VB7PUEHM7.html,http://cms-bucket.ws.126.net/2023/0703/668b1cd6j00rx7ie1001ec000s600e3c.jpg,触视角,https://www.163.com/v/video/VB7PUEHM7.html
李尚福在北京会见俄罗斯海军总司令,yaowen,https://www.163.com/news/article/I8NRIJQT0001899N.html,http://cms-bucket.ws.126.net/2023/0703/a82cf5adp00rx7jsp001fc0009c0070c.png,国防部发布,https://www.163.com/news/article/I8NRIJQT0001899N.html
山西10岁男童遇害 继父曾冲镜头痛哭喊话＂要找到娃＂,yaowen,https://www.163.com/news/article/I8NRHGFO0001899O.html,http://cms-bucket.ws.126.net/2023/0703/b7840b78p00rx7jf40021c0009c0070c.png,上观新闻,https://www.163.com/news/article/I8NRHGFO0001899O.html
小三跟男子约会被原配拽头发 拿起头盔奋力砸她头,yaowen,https://www.163.com/v/video/VM7PLNI4K.html,http://cms-bucket.ws.126.net/2023/0703/2a9dda67p00rx7ig8002hc000s600e3c.png,小慧大咖说,https://www.163.com/v/video/VM7PLNI4K.html
乌军抵达扎波罗热核电站附近 士兵们士气高涨,yaowen,https://www.163.com/v/video/VN7O5B10B.html,http://cms-bucket.ws.126.net/2023/0703/d2e442d6j00rx7j2h000sc000s600e3c.jpg,四海观察,https://www.163.com/v/video/VN7O5B10B.html
美媒：预计在耶伦访华后 美将针对中国芯片再采取行动,yaowen,https://www.163.com/dy/article/I8N2E8CL0514R9OJ.html,http://cms-bucket.ws.126.net/2023/0703/e3782cd4p00rx7j1k001mc0009c0070c.png,环球网资讯,https://www.163.com/dy/article/I8N2E8CL0514R9OJ.html
塞前总统去世 曾是南联盟唯一一位驻西方国家大使,yaowen,https://www.163.com/dy/article/I8NND7HN0550A0OW.html,http://cms-bucket.ws.126.net/2023/0703/61daf8c1p00rx7ioh001vc0009c0070c.png,新民周刊,https://www.163.com/dy/article/I8NND7HN0550A0OW.html
乌军几乎全新的装甲车遇袭 逃离时陷入坑中被俄军缴获,yaowen,https://www.163.com/v/video/VK7Q0P8FI.html,http://cms-bucket.ws.126.net/2023/0703/16824780p00rx7j7h0024c000s600e3c.png,军情透视,https://www.163.com/v/video/VK7Q0P8FI.html
乌突击旅完全摧毁俄军阵地 战壕里到处都是尸体,yaowen,https://www.163.com/v/video/VZ7ORHHTK.html,http://cms-bucket.ws.126.net/2023/0703/d54b4adap00rx7hue002gc000s600e3c.png,军武大狼,https://www.163.com/v/video/VZ7ORHHTK.html
女子怕孩子跟丢 将两孩子捆背上双手提沉重行李赶路,yaowen,https://www.163.com/v/video/VK7Q01ASM.html,http://cms-bucket.ws.126.net/2023/0703/5e5e51e2p00rx7i0l000hc000s600e3c.png,时刻资讯,https://www.163.com/v/video/VK7Q01ASM.html
第一视角：俄坦克进攻遇乌神风无人机 被击中后狂飙,yaowen,https://www.163.com/v/video/VN7PRTAL5.html,http://cms-bucket.ws.126.net/2023/0703/4178d842j00rx7gwk000nc000s600e3c.jpg,三界视界,https://www.163.com/v/video/VN7PRTAL5.html
上周国务院两次任免国家工作人员 两部委迎最年轻副部,yaowen,https://www.163.com/dy/article/I8NMM8E1055040N3.html,http://cms-bucket.ws.126.net/2023/0703/04d1b059p00rx7ha9001ac0009c0070c.png,上观新闻,https://www.163.com/dy/article/I8NMM8E1055040N3.html
女子和33名男子开房：为还300万债务出卖肉体,yaowen,https://www.163.com/dy/article/I8N3OF3M0523WUD9.html,http://cms-bucket.ws.126.net/2023/0703/a4f1898cp00rx7esj001vc0009c0070c.png,汉史趣闻,https://www.163.com/dy/article/I8N3OF3M0523WUD9.html
媒体：马克龙因＂法国18年来最严重骚乱＂面临严峻危机,yaowen,https://www.163.com/dy/article/I8M08RNI055040N3.html,http://cms-bucket.ws.126.net/2023/0703/7a2fc186p00rx7ezt0017c0009c0070c.png,上观新闻,https://www.163.com/dy/article/I8M08RNI055040N3.html
男孩中考成绩公布全是A等 单亲妈妈笑着笑着哭了,yaowen,https://www.163.com/v/video/VG7PRJ8EF.html,http://cms-bucket.ws.126.net/2023/0703/55f8c0e6p00rx7f34001ic000s600e3c.png,人间杂事集,https://www.163.com/v/video/VG7PRJ8EF.html
女子发旅游照片配侮辱性话题被举报 西南大学回应,yaowen,https://www.163.com/news/article/I8NJO5G40001899O.html,http://cms-bucket.ws.126.net/2023/0703/5c3bcc03p00rx7hk2001kc0009c0070c.png,四川观察,https://www.163.com/news/article/I8NJO5G40001899O.html
唐山5旬刘主任出轨年轻少妇 两人亲吻被女方女儿撞见,yaowen,https://www.163.com/dy/article/I8DUV5O305534K6C.html,http://cms-bucket.ws.126.net/2023/0703/fe089568p00rx78h2004ic0009c0070c.png,社会奇闻君,https://www.163.com/dy/article/I8DUV5O305534K6C.html
拜登就瓦格纳事件作最明确表态:普京＂绝对＂因此被削弱,yaowen,https://www.163.com/dy/article/I8N1RG2F0514R9P4.html,http://cms-bucket.ws.126.net/2023/0703/369f1e4cp00rx78xi0020c0009c0070c.png,澎湃新闻,https://www.163.com/dy/article/I8N1RG2F0514R9P4.html
法国被枪杀少年的家人就暴乱发声 呼吁人们保持冷静,yaowen,https://www.163.com/dy/article/I8NE1G710514R9P4.html,http://cms-bucket.ws.126.net/2023/0703/6ede6e8fp00rx79lx0062c0009c0070c.png,澎湃新闻,https://www.163.com/dy/article/I8NE1G710514R9P4.html
中国游客机场遭刁难索贿 马来西亚旅游部长＂闯关救人＂,yaowen,https://www.163.com/dy/article/I8NB7U390514R9OM.html,http://cms-bucket.ws.126.net/2023/0703/e6ce37e3p00rx76zv001bc0009c0070c.png,金羊网,https://www.163.com/dy/article/I8NB7U390514R9OM.html
男子闯红灯被跑车撞飞致数十万车损 交警判定引热议,yaowen,https://www.163.com/news/article/I8N9CLQ00001899O.html,http://cms-bucket.ws.126.net/2023/0703/367986a7p00rx74qv001gc0009c0070c.png,新闻坊,https://www.163.com/news/article/I8N9CLQ00001899O.html
牛弹琴：俄乌战场形势发生微妙变化 俄军开始攻城略地,yaowen,https://www.163.com/news/article/I8N8K31N0001899O.html,http://cms-bucket.ws.126.net/2023/0703/193c4febp00rx744d001ic0009c0070c.png,上观新闻,https://www.163.com/news/article/I8N8K31N0001899O.html
韩媒：韩国站到对抗中国最前沿 往后一看美日却消失了,yaowen,https://www.163.com/dy/article/I8N4T4VC0514R9OJ.html,http://cms-bucket.ws.126.net/2023/0703/285a56cdp00rx739m001ac0009c0070c.png,环球网资讯,https://www.163.com/dy/article/I8N4T4VC0514R9OJ.html
美国财政部部长耶伦将于7月6日至9日访华,yaowen,https://www.163.com/news/article/I8N5EBIC0001899O.html,http://cms-bucket.ws.126.net/2023/0703/5c31b523p00rx71si0017c0009c0070c.png,财联社,https://www.163.com/news/article/I8N5EBIC0001899O.html
冲绳知事7月将第三次访华：冲绳绝不能再次沦为战场,yaowen,https://www.163.com/dy/article/I8N2E9L50514R9OJ.html,http://cms-bucket.ws.126.net/2023/0703/43a8f5c4p00rx6zs0000yc0009c0070c.png,环球网资讯,https://www.163.com/dy/article/I8N2E9L50514R9OJ.html
外媒：法国如今的这场危机 比2005年那场猛烈10倍,yaowen,https://www.163.com/dy/article/I8LI1FGS0514BQ68.html,http://cms-bucket.ws.126.net/2023/0703/1c6362b0p00rx6zel001uc0009c0070c.png,参考消息,https://www.163.com/dy/article/I8LI1FGS0514BQ68.html
单价34万的知名豪宅1.58亿落槌 竞买者或为得物创始人,yaowen,https://www.163.com/dy/article/I8LSJJ260511U82T.html,http://cms-bucket.ws.126.net/2023/0703/683ee704p00rx6yz90058c0009c0070c.png,红星资本局,https://www.163.com/dy/article/I8LSJJ260511U82T.html
上海9旬老太举报保姆虐待 儿媳:保姆逼写自愿给钱字据,yaowen,https://www.163.com/news/article/I8LVJPAF0001899O.html,http://cms-bucket.ws.126.net/2023/0702/db3233f1p00rx685n0099c0009c0070c.png,极目新闻,https://www.163.com/news/article/I8LVJPAF0001899O.html
半年内中行多名高管被查 1人被指是＂逃逸式辞职＂典型,yaowen,https://www.163.com/dy/article/I8M3B6QN051482MP.html,http://cms-bucket.ws.126.net/2023/0702/e3a59830p00rx6ava0014c0009c0070c.png,政知新媒体,https://www.163.com/dy/article/I8M3B6QN051482MP.html
潘功胜任央行党委书记 一个关键词是他讲话中的高频词,yaowen,https://www.163.com/dy/article/I8M0HSN10514BE2Q.html,http://dingyue.ws.126.net/2023/0702/98ff3cc1j00rx67zv001ac000qo00hom.jpg,中国新闻周刊,https://www.163.com/dy/article/I8M0HSN10514BE2Q.html
贵州15岁少年刺死＂校霸＂获刑8年 检方发再审检察建议,yaowen,https://www.163.com/news/article/I8M2E5VM0001899N.html,http://cms-bucket.ws.126.net/2023/0702/d632b784p00rx69mt009cc0009c0070c.png,红星新闻,https://www.163.com/news/article/I8M2E5VM0001899N.html
中国今年首场重大主场外交活动后 陕西省长率团出访,yaowen,https://www.163.com/dy/article/I8LRDGNP051482MP.html,http://cms-bucket.ws.126.net/2023/0702/19813f67p00rx69bb0016c0009c0070c.png,政知新媒体,https://www.163.com/dy/article/I8LRDGNP051482MP.html
普里戈任在俄千亿商业帝国已崩溃 ＂瓦格纳＂总部要搬迁,yaowen,https://www.163.com/news/article/I8M23JIU00019K82.html,http://cms-bucket.ws.126.net/2023/0702/76fd1ff4p00rx6928001ac0009c0070c.png,红星新闻,https://www.163.com/news/article/I8M23JIU00019K82.html
知名高校毕业典礼校长雨中致辞 书记悄悄站身后帮撑伞,yaowen,https://www.163.com/dy/article/I8LRRTIA0512B07B.html,http://cms-bucket.ws.126.net/2023/0702/6c034f09p00rx67zw0010c0009c0070c.png,每日经济新闻,https://www.163.com/dy/article/I8LRRTIA0512B07B.html
媒体：女生考705分报清华却被指责 这家人压力很大,yaowen,https://www.163.com/dy/article/I8LO7NAS0512D1R0.html,http://dingyue.ws.126.net/2023/0702/15b4e645j00rx60za0016c000u000crg.jpg,新京报评论,https://www.163.com/dy/article/I8LO7NAS0512D1R0.html
